"sample.name","injection.order","class","batch","group"
"CON_BASA_567795",1,"Subject",1,"CONTROL"
"CON_BASA_574488",2,"Subject",1,"CONTROL"
"CON_BASA_580552",3,"Subject",1,"CONTROL"
"CON_BASA_581904",4,"Subject",1,"CONTROL"
"CON_BASA_587625",5,"Subject",1,"CONTROL"
"CON_BASA_591439",6,"Subject",1,"CONTROL"
"CON_BASA_602733",7,"Subject",1,"CONTROL"
"CON_BASA_619640",8,"Subject",1,"CONTROL"
"CON_BASA_651137",9,"Subject",1,"CONTROL"
"CON_BASA_675644",10,"Subject",1,"CONTROL"
"CON_BASA_677375",11,"Subject",1,"CONTROL"
"CON_BASA_688344",12,"Subject",1,"CONTROL"
"CON_BASA_723817",13,"Subject",1,"CONTROL"
"CON_BASA_736592",14,"Subject",1,"CONTROL"
"DIA_BASE_1164621",15,"Subject",1,"HIAE"
"DIA_BASE_630974",16,"Subject",1,"HIAE"
"DIA_BASE_635799",17,"Subject",1,"HIAE"
"DIA_BASE_687353",18,"Subject",1,"HIAE"
"DIA_BASE_701185",19,"Subject",1,"HIAE"
"PIO_BASE_603628",20,"Subject",1,"HIAE"
"PIO_BASE_604520",21,"Subject",1,"HIAE"
"PIO_BASE_649358",22,"Subject",1,"HIAE"
"PIO_BASE_654139",23,"Subject",1,"HIAE"
"PIO_BASE_830049",24,"Subject",1,"HIAE"
"PIO_BASE_976853",25,"Subject",1,"HIAE"
