"sample.name","injection.order","class","batch","group"
"QC11",1,"QC",1,"QC"
"EC6225",2,"Subject",1,"Case"
"EC567",3,"Subject",1,"Control"
"EC5A1395",4,"Subject",1,"Case"
"EC4604",5,"Subject",1,"Case"
"EC7542",6,"Subject",1,"Case"
"EC6108",9,"Subject",1,"Case"
"ECA558",14,"Subject",1,"Control"
"EC4385",16,"Subject",1,"Case"
"EC6305",17,"Subject",1,"Case"
"EC6893",18,"Subject",1,"Case"
"ECFA123",21,"Subject",1,"Case"
"EC6659",23,"Subject",1,"Case"
"EC3768",24,"Subject",1,"Case"
"EC4286",25,"Subject",1,"Case"
"EC8457",26,"Subject",1,"Case"
"QC14",28,"QC",1,"QC"
"EC4193",29,"Subject",1,"Case"
"EC4483",30,"Subject",1,"Case"
"EC7371",31,"Subject",1,"Case"
"EC4171",32,"Subject",1,"Case"
"EC6614",33,"Subject",1,"Case"
"EC6731",36,"Subject",1,"Case"
"EC4771",38,"Subject",1,"Case"
"ECA1356",40,"Subject",1,"Case"
"EC4086",42,"Subject",1,"Case"
"QC16",46,"QC",1,"QC"
"EC4338",48,"Subject",1,"Case"
"EC47A2049",49,"Subject",1,"Case"
"EC4602",50,"Subject",1,"Case"
"EC6559",51,"Subject",1,"Case"
"EC6304",52,"Subject",1,"Case"
"QC17",55,"QC",1,"QC"
"EC4105",56,"Subject",1,"Case"
"EC4532",58,"Subject",1,"Case"
"EC4235",59,"Subject",1,"Case"
"EC3703",60,"Subject",1,"Case"
"EC8367",61,"Subject",1,"Case"
"QC18",64,"QC",1,"QC"
"EC7603",65,"Subject",1,"Case"
"EC6562",66,"Subject",1,"Case"
"EC6402",67,"Subject",1,"Case"
"EC7244",69,"Subject",1,"Case"
"EC6634",70,"Subject",1,"Case"
"EC3938",72,"Subject",1,"Case"
"EC3687",74,"Subject",1,"Case"
"EC4224",75,"Subject",1,"Case"
"EC7154",77,"Subject",1,"Case"
"EC4619",78,"Subject",1,"Case"
"EC25A1596",79,"Subject",1,"Case"
"EC7549",80,"Subject",1,"Case"
"EC6808",85,"Subject",1,"Case"
"EC3677",88,"Subject",1,"Case"
"EC25A1594",89,"Subject",1,"Case"
"EC7233",90,"Subject",1,"Control"
"EC4270",93,"Subject",1,"Case"
"EC3826",94,"Subject",1,"Case"
"EC7599",95,"Subject",1,"Case"
"EC6408",96,"Subject",1,"Case"
"EC7426",97,"Subject",1,"Case"
"EC6A1200",98,"Subject",1,"Case"
"ECFB147",99,"Subject",1,"Case"
"QC22",100,"QC",1,"QC"
"EC7415",102,"Subject",1,"Case"
"ECFD103",103,"Subject",1,"Case"
"EC6120",105,"Subject",1,"Case"
"EC6561",106,"Subject",1,"Case"
"QC23",109,"QC",1,"QC"
"EC6594",110,"Subject",1,"Case"
"EC53A2215",111,"Subject",1,"Case"
"EC47A2046",112,"Subject",1,"Case"
"EC6557",113,"Subject",1,"Case"
"EC6517",114,"Subject",1,"Case"
"EC7221",115,"Subject",1,"Case"
"EC4365",117,"Subject",1,"Case"
"EC4182",119,"Subject",1,"Case"
"EC4455",120,"Subject",1,"Case"
"EC17A1458",121,"Subject",1,"Case"
"EC4641",122,"Subject",1,"Case"
"EC6364",123,"Subject",1,"Case"
"EC7460",124,"Subject",1,"Case"
"EC6891",125,"Subject",1,"Case"
"QC25",127,"QC",1,"QC"
"EC6A1215",129,"Subject",1,"Case"
"EC6349",130,"Subject",1,"Case"
"EC7447",131,"Subject",1,"Case"
"ECFB131",133,"Subject",1,"Case"
"EC26A1605",134,"Subject",1,"Case"
"EC6401",135,"Subject",1,"Case"
"QC26",136,"QC",1,"QC"
"EC7586",137,"Subject",1,"Case"
"EC6591",138,"Subject",1,"Case"
"EC30A1671",139,"Subject",1,"Case"
"EC4370",140,"Subject",1,"Case"
"EC4654",141,"Subject",1,"Case"
"EC4374",142,"Subject",1,"Case"
"EC4565",143,"Subject",1,"Case"
"EC563",144,"Subject",1,"Control"
"QC27",145,"QC",1,"QC"
"EC6602",146,"Subject",1,"Case"
"EC3751",147,"Subject",1,"Case"
"ECFB60",148,"Subject",1,"Case"
"EC4638",150,"Subject",1,"Case"
"EC8365",151,"Subject",1,"Case"
"EC4149",152,"Subject",1,"Case"
"EC4536",153,"Subject",1,"Case"
"QC28",154,"QC",1,"QC"
"EC4293",155,"Subject",1,"Case"
"EC6132",157,"Subject",1,"Case"
"EC7403",158,"Subject",1,"Case"
"EC4302",159,"Subject",1,"Case"
"EC6291",160,"Subject",1,"Case"
"EC6548",161,"Subject",1,"Case"
"QC29",163,"QC",1,"QC"
"EC6400",165,"Subject",1,"Case"
"EC7597",166,"Subject",1,"Case"
"EC6748",167,"Subject",1,"Case"
"EC6101",168,"Subject",1,"Case"
"ECFB123_2",169,"Subject",1,"Case"
"EC4106",170,"Subject",1,"Case"
"EC4265",171,"Subject",1,"Case"
"QC30",172,"QC",1,"QC"
"EC4136",173,"Subject",1,"Case"
"EC7372",175,"Subject",1,"Case"
"EC6208",176,"Subject",1,"Case"
"EC6752",178,"Subject",1,"Case"
"EC4482",179,"Subject",1,"Case"
"EC7360",180,"Subject",1,"Case"
"EC7590",182,"Subject",1,"Case"
"EC4781",183,"Subject",1,"Case"
"EC7234",184,"Subject",1,"Case"
"EC6459",189,"Subject",1,"Case"
"EC55A2248",191,"Subject",1,"Case"
"EC6902",192,"Subject",1,"Case"
"ECFA125",195,"Subject",1,"Case"
"EC8363",196,"Subject",1,"Case"
"ECFC120",197,"Subject",1,"Case"
"EC4493",200,"Subject",1,"Case"
"EC6290",202,"Subject",1,"Case"
"EC7577",205,"Subject",1,"Case"
"EC7160",207,"Subject",1,"Case"
"QC34",208,"QC",1,"QC"
"EC6299",210,"Subject",1,"Case"
"EC8056_1",211,"Subject",1,"Control"
"ECFB129",212,"Subject",1,"Case"
"EC7536",213,"Subject",1,"Case"
"ECFC18",214,"Subject",1,"Case"
"EC6746",215,"Subject",1,"Case"
"QC35",217,"QC",1,"QC"
"QC36",218,"QC",2,"QC"
"EC0552",219,"Subject",2,"Control"
"ECA111",220,"Subject",2,"Control"
"EC618",222,"Subject",2,"Control"
"ECA168",224,"Subject",2,"Control"
"ECA225",225,"Subject",2,"Control"
"EC6840",226,"Subject",2,"Case"
"EC6857",228,"Subject",2,"Case"
"ECA004",230,"Subject",2,"Control"
"EC0628_1",231,"Subject",2,"Case"
"ECA162",232,"Subject",2,"Control"
"EC7135",233,"Subject",2,"Case"
"EC625",235,"Subject",2,"Control"
"QC38",236,"QC",2,"QC"
"ECA222",237,"Subject",2,"Control"
"ECA220",241,"Subject",2,"Control"
"EC6953",242,"Subject",2,"Case"
"ECA507",243,"Subject",2,"Control"
"ECA201",244,"Subject",2,"Control"
"QC39",245,"QC",2,"QC"
"ECA1088",247,"Subject",2,"Case"
"ECA504",249,"Subject",2,"Control"
"EC7570",252,"Subject",2,"Case"
"EC0753",253,"Subject",2,"Case"
"ECA1161",256,"Subject",2,"Case"
"ECA301",258,"Subject",2,"Control"
"ECA100",260,"Subject",2,"Control"
"EC7031",264,"Subject",2,"Case"
"ECA299",265,"Subject",2,"Control"
"EC7470",270,"Subject",2,"Case"
"EC6951",271,"Subject",2,"Case"
"EC686",273,"Subject",2,"Control"
"EC0356",274,"Subject",2,"Control"
"EC7025",276,"Subject",2,"Case"
"ECA195",277,"Subject",2,"Control"
"ECA188",279,"Subject",2,"Control"
"EC628",280,"Subject",2,"Control"
"QC43",281,"QC",2,"QC"
"EC7143",282,"Subject",2,"Case"
"EC611",283,"Subject",2,"Control"
"EC7279",285,"Subject",2,"Case"
"EC4A1168",286,"Subject",2,"Case"
"EC6938",287,"Subject",2,"Case"
"EC7084",288,"Subject",2,"Case"
"EC7340",289,"Subject",2,"Case"
"QC44",290,"QC",2,"QC"
"EC7139",291,"Subject",2,"Case"
"EC620",292,"Subject",2,"Control"
"EC6812",293,"Subject",2,"Case"
"ECA097",294,"Subject",2,"Control"
"EC0848",296,"Subject",2,"Control"
"EC7511",297,"Subject",2,"Case"
"ECA041",298,"Subject",2,"Control"
"QC45",299,"QC",2,"QC"
"EC6843",303,"Subject",2,"Case"
"ECA297",305,"Subject",2,"Control"
"ECA176",306,"Subject",2,"Control"
"QC46",308,"QC",2,"QC"
"ECA287",311,"Subject",2,"Control"
"ECA125",313,"Subject",2,"Control"
"EC7515",314,"Subject",2,"Case"
"ECA038",315,"Subject",2,"Control"
"ECA120",316,"Subject",2,"Control"
"QC47",317,"QC",2,"QC"
"EC0239",318,"Subject",2,"Control"
"ECA1143",319,"Subject",2,"Case"
"ECA217",321,"Subject",2,"Control"
"QC48",326,"QC",2,"QC"
"EC7392",327,"Subject",2,"Case"
"EC7276",328,"Subject",2,"Case"
"ECA214",329,"Subject",2,"Case"
"EC189",331,"Subject",2,"Control"
"ECA408",332,"Subject",2,"Case"
"ECA212",333,"Subject",2,"Control"
"EC0114",334,"Subject",2,"Case"
"QC49",335,"QC",2,"QC"
"ECA121",337,"Subject",2,"Control"
"ECA286",339,"Subject",2,"Control"
"EC7384",341,"Subject",2,"Case"
"EC627_1",342,"Subject",2,"Control"
"EC6934",343,"Subject",2,"Case"
"EC6907",345,"Subject",2,"Case"
"ECFC145",346,"Subject",2,"Case"
"EC7454",347,"Subject",2,"Case"
"ECA107",348,"Subject",2,"Control"
"EC6758",349,"Subject",2,"Case"
"EC7355",350,"Subject",2,"Case"
"EC7285",354,"Subject",2,"Case"
"ECA573",355,"Subject",2,"Case"
"EC7341",356,"Subject",2,"Case"
"ECA327",357,"Subject",2,"Control"
"ECA197",360,"Subject",2,"Control"
"ECA169",361,"Subject",2,"Control"
"QC52",362,"QC",2,"QC"
"ECA288",363,"Subject",2,"Control"
"ECA642",365,"Subject",2,"Control"
"ECA537",366,"Subject",2,"Control"
"EC7286",367,"Subject",2,"Case"
"ECA193",369,"Subject",2,"Control"
"EC0858",370,"Subject",2,"Case"
"QC53",371,"QC",2,"QC"
"ECA407",374,"Subject",2,"Control"
"EC7183",377,"Subject",2,"Case"
"EC7028",381,"Subject",2,"Case"
"EC0466",382,"Subject",2,"Case"
"ECA425",383,"Subject",2,"Control"
"EC7282",385,"Subject",2,"Case"
"EC6775",386,"Subject",2,"Case"
"EC302",387,"Subject",2,"Control"
"QC55",389,"QC",2,"QC"
"EC7507",391,"Subject",2,"Case"
"EC735",392,"Subject",2,"Control"
"EC7184",395,"Subject",2,"Case"
"EC577",396,"Subject",2,"Control"
"EC0830",397,"Subject",2,"Case"
"QC56",398,"QC",2,"QC"
"EC0576",399,"Subject",2,"Control"
"EC612",401,"Subject",2,"Control"
"EC633",404,"Subject",2,"Control"
"ECA110",405,"Subject",2,"Control"
"EC0864",406,"Subject",2,"Case"
"EC6945",409,"Subject",2,"Case"
"ECA418",410,"Subject",2,"Control"
"EC653",412,"Subject",2,"Control"
"EC1A1079",414,"Subject",2,"Case"
"EC711_1",415,"Subject",2,"Control"
"QC58",416,"QC",2,"QC"
"EC0628_2",418,"Subject",2,"Case"
"EC646",420,"Subject",2,"Control"
"EC0681",421,"Subject",2,"Case"
"ECA143",423,"Subject",2,"Control"
"EC733",424,"Subject",2,"Control"
"QC59",425,"QC",2,"QC"
"ECA103",426,"Subject",2,"Control"
"ECA1142",429,"Subject",2,"Case"
"ECA216",430,"Subject",2,"Control"
"ECA024",431,"Subject",2,"Control"
"ECA415",432,"Subject",2,"Control"
"EC6851",433,"Subject",2,"Case"
"QC60",434,"QC",2,"QC"
