sample.name,injection.order,class,batch,group
X102,1,Subject,1,control
X112,2,Subject,1,control
X114,3,Subject,1,control
X115,4,Subject,1,control
X118,5,Subject,1,control
X119,6,Subject,1,control
X132,7,Subject,1,control
X189,8,Subject,1,control
X214,9,Subject,1,control
X408,10,Subject,1,control
X563,11,Subject,1,control
X582,12,Subject,1,control
X583,13,Subject,1,control
X590,14,Subject,1,control
X593,15,Subject,1,control
X602,16,Subject,1,control
X605,17,Subject,1,control
X607,18,Subject,1,control
X611,19,Subject,1,control
X612,20,Subject,1,control
X616,21,Subject,1,control
X619,22,Subject,1,control
X620,23,Subject,1,control
X623,24,Subject,1,control
X625,25,Subject,1,control
X636,26,Subject,1,control
X646,27,Subject,1,control
X651,28,Subject,1,control
X652,29,Subject,1,control
X653,30,Subject,1,control
X656,31,Subject,1,control
X665,32,Subject,1,control
X668,33,Subject,1,control
X677,34,Subject,1,control
X680,35,Subject,1,control
X688,36,Subject,1,control
X709,37,Subject,1,control
X717,38,Subject,1,control
X726,39,Subject,1,control
X738,40,Subject,1,control
A137,41,Subject,1,control
X4160.POS,42,Subject,1,disease
X4171.POS,43,Subject,1,disease
X4173.POS,44,Subject,1,disease
X4220.POS,45,Subject,1,disease
X4235.POS,46,Subject,1,disease
X4268.POS,47,Subject,1,disease
X4286.POS,48,Subject,1,disease
X4654.POS,49,Subject,1,disease
X5578.POS,50,Subject,1,disease
X5594.POS,51,Subject,1,disease
X5689.POS,52,Subject,1,disease
X5713.POS,53,Subject,1,disease
X5739.POS,54,Subject,1,disease
X5772.POS,55,Subject,1,disease
X5819.POS,56,Subject,1,disease
X5878.POS,57,Subject,1,disease
X5883.POS,58,Subject,1,disease
X5909.POS,59,Subject,1,disease
X5926.POS,60,Subject,1,disease
X5936.POS,61,Subject,1,disease
X6029.POS,62,Subject,1,disease
X6249.POS,63,Subject,1,disease
X6278.POS,64,Subject,1,disease
X6305.POS,65,Subject,1,disease
X6322.POS,66,Subject,1,disease
X6409.POS,67,Subject,1,disease
X6445.POS,68,Subject,1,disease
X6475.POS,69,Subject,1,disease
X6557.POS,70,Subject,1,disease
X6844.POS,71,Subject,1,disease
X6848.POS,72,Subject,1,disease
X7060.POS,73,Subject,1,disease
X7064.POS,74,Subject,1,disease
X7154.POS,75,Subject,1,disease
X7179.POS,76,Subject,1,disease
X7299.POS,77,Subject,1,disease
X7326.POS,78,Subject,1,disease
X7327.POS,79,Subject,1,disease
X7560.POS,80,Subject,1,disease
X7570.POS,81,Subject,1,disease
X8065.POS,82,Subject,1,disease
X8118.POS,83,Subject,1,disease
X8289.POS,84,Subject,1,disease
A2088.POS,85,Subject,1,disease
A2411.POS,86,Subject,1,disease
A5784.POS,87,Subject,1,disease
FB37.POS,88,Subject,1,disease
FB44.POS,89,Subject,1,disease
